sequence,url,product_id
2,https://github.com/Pbang91/cakooimage/blob/main/images/%E1%84%8F%E1%85%A6%E1%84%8B%E1%85%B5%E1%84%8F%E1%85%B3/%E1%84%80%E1%85%B5%E1%84%90%E1%85%A1/%E1%84%87%E1%85%A1%E1%84%82%E1%85%A1%E1%84%82%E1%85%A1%E1%84%8F%E1%85%A6%E1%84%8B%E1%85%B5%E1%86%A8.png?raw=true,3
3,https://github.com/Pbang91/cakooimage/blob/main/images/%E1%84%8F%E1%85%A6%E1%84%8B%E1%85%B5%E1%84%8F%E1%85%B3/%E1%84%80%E1%85%B5%E1%84%90%E1%85%A1/%E1%84%80%E1%85%AA%E1%84%8B%E1%85%B5%E1%86%AF%E1%84%8F%E1%85%A6%E1%84%8B%E1%85%B5%E1%86%A8.png?raw=true,3
4,https://github.com/Pbang91/cakooimage/blob/main/images/%E1%84%8F%E1%85%A6%E1%84%8B%E1%85%B5%E1%84%8F%E1%85%B3/%E1%84%89%E1%85%A2%E1%86%BC%E1%84%8F%E1%85%B3%E1%84%85%E1%85%B5%E1%86%B7/2.png?raw=true,3
5,https://github.com/Pbang91/cakooimage/blob/main/images/%EC%BC%80%EC%9D%B4%ED%81%AC/%EC%B9%98%EC%A6%88/%EC%B9%98%EC%A6%88.jpeg?raw=true,3
2,https://github.com/Pbang91/cakooimage/blob/main/images/%E1%84%8F%E1%85%A6%E1%84%8B%E1%85%B5%E1%84%8F%E1%85%B3/%E1%84%80%E1%85%B5%E1%84%90%E1%85%A1/%E1%84%87%E1%85%A1%E1%84%82%E1%85%A1%E1%84%82%E1%85%A1%E1%84%8F%E1%85%A6%E1%84%8B%E1%85%B5%E1%86%A8.png?raw=true,4
3,https://github.com/Pbang91/cakooimage/blob/main/images/%E1%84%8F%E1%85%A6%E1%84%8B%E1%85%B5%E1%84%8F%E1%85%B3/%E1%84%80%E1%85%B5%E1%84%90%E1%85%A1/%E1%84%80%E1%85%AA%E1%84%8B%E1%85%B5%E1%86%AF%E1%84%8F%E1%85%A6%E1%84%8B%E1%85%B5%E1%86%A8.png?raw=true,4
4,https://github.com/Pbang91/cakooimage/blob/main/images/%E1%84%8F%E1%85%A6%E1%84%8B%E1%85%B5%E1%84%8F%E1%85%B3/%E1%84%89%E1%85%A2%E1%86%BC%E1%84%8F%E1%85%B3%E1%84%85%E1%85%B5%E1%86%B7/2.png?raw=true,4
5,https://github.com/Pbang91/cakooimage/blob/main/images/%EC%BC%80%EC%9D%B4%ED%81%AC/%EC%B9%98%EC%A6%88/%EC%B9%98%EC%A6%88.jpeg?raw=true,4
2,https://github.com/Pbang91/cakooimage/blob/main/images/%E1%84%8F%E1%85%A6%E1%84%8B%E1%85%B5%E1%84%8F%E1%85%B3/%E1%84%80%E1%85%B5%E1%84%90%E1%85%A1/%E1%84%87%E1%85%A1%E1%84%82%E1%85%A1%E1%84%82%E1%85%A1%E1%84%8F%E1%85%A6%E1%84%8B%E1%85%B5%E1%86%A8.png?raw=true,5
3,https://github.com/Pbang91/cakooimage/blob/main/images/%E1%84%8F%E1%85%A6%E1%84%8B%E1%85%B5%E1%84%8F%E1%85%B3/%E1%84%80%E1%85%B5%E1%84%90%E1%85%A1/%E1%84%80%E1%85%AA%E1%84%8B%E1%85%B5%E1%86%AF%E1%84%8F%E1%85%A6%E1%84%8B%E1%85%B5%E1%86%A8.png?raw=true,5
4,https://github.com/Pbang91/cakooimage/blob/main/images/%E1%84%8F%E1%85%A6%E1%84%8B%E1%85%B5%E1%84%8F%E1%85%B3/%E1%84%89%E1%85%A2%E1%86%BC%E1%84%8F%E1%85%B3%E1%84%85%E1%85%B5%E1%86%B7/2.png?raw=true,5
5,https://github.com/Pbang91/cakooimage/blob/main/images/%EC%BC%80%EC%9D%B4%ED%81%AC/%EC%B9%98%EC%A6%88/%EC%B9%98%EC%A6%88.jpeg?raw=true,5
2,https://github.com/Pbang91/cakooimage/blob/main/images/%E1%84%8F%E1%85%A6%E1%84%8B%E1%85%B5%E1%84%8F%E1%85%B3/%E1%84%80%E1%85%B5%E1%84%90%E1%85%A1/%E1%84%87%E1%85%A1%E1%84%82%E1%85%A1%E1%84%82%E1%85%A1%E1%84%8F%E1%85%A6%E1%84%8B%E1%85%B5%E1%86%A8.png?raw=true,6
3,https://github.com/Pbang91/cakooimage/blob/main/images/%E1%84%8F%E1%85%A6%E1%84%8B%E1%85%B5%E1%84%8F%E1%85%B3/%E1%84%80%E1%85%B5%E1%84%90%E1%85%A1/%E1%84%80%E1%85%AA%E1%84%8B%E1%85%B5%E1%86%AF%E1%84%8F%E1%85%A6%E1%84%8B%E1%85%B5%E1%86%A8.png?raw=true,6
4,https://github.com/Pbang91/cakooimage/blob/main/images/%E1%84%8F%E1%85%A6%E1%84%8B%E1%85%B5%E1%84%8F%E1%85%B3/%E1%84%89%E1%85%A2%E1%86%BC%E1%84%8F%E1%85%B3%E1%84%85%E1%85%B5%E1%86%B7/2.png?raw=true,6
5,https://github.com/Pbang91/cakooimage/blob/main/images/%EC%BC%80%EC%9D%B4%ED%81%AC/%EC%B9%98%EC%A6%88/%EC%B9%98%EC%A6%88.jpeg?raw=true,6
2,https://github.com/Pbang91/cakooimage/blob/main/images/%E1%84%8F%E1%85%A6%E1%84%8B%E1%85%B5%E1%84%8F%E1%85%B3/%E1%84%80%E1%85%B5%E1%84%90%E1%85%A1/%E1%84%87%E1%85%A1%E1%84%82%E1%85%A1%E1%84%82%E1%85%A1%E1%84%8F%E1%85%A6%E1%84%8B%E1%85%B5%E1%86%A8.png?raw=true,7
3,https://github.com/Pbang91/cakooimage/blob/main/images/%E1%84%8F%E1%85%A6%E1%84%8B%E1%85%B5%E1%84%8F%E1%85%B3/%E1%84%80%E1%85%B5%E1%84%90%E1%85%A1/%E1%84%80%E1%85%AA%E1%84%8B%E1%85%B5%E1%86%AF%E1%84%8F%E1%85%A6%E1%84%8B%E1%85%B5%E1%86%A8.png?raw=true,7
4,https://github.com/Pbang91/cakooimage/blob/main/images/%E1%84%8F%E1%85%A6%E1%84%8B%E1%85%B5%E1%84%8F%E1%85%B3/%E1%84%89%E1%85%A2%E1%86%BC%E1%84%8F%E1%85%B3%E1%84%85%E1%85%B5%E1%86%B7/2.png?raw=true,7
5,https://github.com/Pbang91/cakooimage/blob/main/images/%EC%BC%80%EC%9D%B4%ED%81%AC/%EC%B9%98%EC%A6%88/%EC%B9%98%EC%A6%88.jpeg?raw=true,7
2,https://github.com/Pbang91/cakooimage/blob/main/images/%E1%84%8F%E1%85%A6%E1%84%8B%E1%85%B5%E1%84%8F%E1%85%B3/%E1%84%80%E1%85%B5%E1%84%90%E1%85%A1/%E1%84%87%E1%85%A1%E1%84%82%E1%85%A1%E1%84%82%E1%85%A1%E1%84%8F%E1%85%A6%E1%84%8B%E1%85%B5%E1%86%A8.png?raw=true,8
3,https://github.com/Pbang91/cakooimage/blob/main/images/%E1%84%8F%E1%85%A6%E1%84%8B%E1%85%B5%E1%84%8F%E1%85%B3/%E1%84%80%E1%85%B5%E1%84%90%E1%85%A1/%E1%84%80%E1%85%AA%E1%84%8B%E1%85%B5%E1%86%AF%E1%84%8F%E1%85%A6%E1%84%8B%E1%85%B5%E1%86%A8.png?raw=true,8
4,https://github.com/Pbang91/cakooimage/blob/main/images/%E1%84%8F%E1%85%A6%E1%84%8B%E1%85%B5%E1%84%8F%E1%85%B3/%E1%84%89%E1%85%A2%E1%86%BC%E1%84%8F%E1%85%B3%E1%84%85%E1%85%B5%E1%86%B7/2.png?raw=true,8
5,https://github.com/Pbang91/cakooimage/blob/main/images/%EC%BC%80%EC%9D%B4%ED%81%AC/%EC%B9%98%EC%A6%88/%EC%B9%98%EC%A6%88.jpeg?raw=true,8
2,https://github.com/Pbang91/cakooimage/blob/main/images/%E1%84%8F%E1%85%A6%E1%84%8B%E1%85%B5%E1%84%8F%E1%85%B3/%E1%84%80%E1%85%B5%E1%84%90%E1%85%A1/%E1%84%87%E1%85%A1%E1%84%82%E1%85%A1%E1%84%82%E1%85%A1%E1%84%8F%E1%85%A6%E1%84%8B%E1%85%B5%E1%86%A8.png?raw=true,9
3,https://github.com/Pbang91/cakooimage/blob/main/images/%E1%84%8F%E1%85%A6%E1%84%8B%E1%85%B5%E1%84%8F%E1%85%B3/%E1%84%80%E1%85%B5%E1%84%90%E1%85%A1/%E1%84%80%E1%85%AA%E1%84%8B%E1%85%B5%E1%86%AF%E1%84%8F%E1%85%A6%E1%84%8B%E1%85%B5%E1%86%A8.png?raw=true,9
4,https://github.com/Pbang91/cakooimage/blob/main/images/%E1%84%8F%E1%85%A6%E1%84%8B%E1%85%B5%E1%84%8F%E1%85%B3/%E1%84%89%E1%85%A2%E1%86%BC%E1%84%8F%E1%85%B3%E1%84%85%E1%85%B5%E1%86%B7/2.png?raw=true,9
5,https://github.com/Pbang91/cakooimage/blob/main/images/%EC%BC%80%EC%9D%B4%ED%81%AC/%EC%B9%98%EC%A6%88/%EC%B9%98%EC%A6%88.jpeg?raw=true,9
2,https://github.com/Pbang91/cakooimage/blob/main/images/%E1%84%8F%E1%85%A6%E1%84%8B%E1%85%B5%E1%84%8F%E1%85%B3/%E1%84%80%E1%85%B5%E1%84%90%E1%85%A1/%E1%84%87%E1%85%A1%E1%84%82%E1%85%A1%E1%84%82%E1%85%A1%E1%84%8F%E1%85%A6%E1%84%8B%E1%85%B5%E1%86%A8.png?raw=true,10
3,https://github.com/Pbang91/cakooimage/blob/main/images/%E1%84%8F%E1%85%A6%E1%84%8B%E1%85%B5%E1%84%8F%E1%85%B3/%E1%84%80%E1%85%B5%E1%84%90%E1%85%A1/%E1%84%80%E1%85%AA%E1%84%8B%E1%85%B5%E1%86%AF%E1%84%8F%E1%85%A6%E1%84%8B%E1%85%B5%E1%86%A8.png?raw=true,10
4,https://github.com/Pbang91/cakooimage/blob/main/images/%E1%84%8F%E1%85%A6%E1%84%8B%E1%85%B5%E1%84%8F%E1%85%B3/%E1%84%89%E1%85%A2%E1%86%BC%E1%84%8F%E1%85%B3%E1%84%85%E1%85%B5%E1%86%B7/2.png?raw=true,10
5,https://github.com/Pbang91/cakooimage/blob/main/images/%EC%BC%80%EC%9D%B4%ED%81%AC/%EC%B9%98%EC%A6%88/%EC%B9%98%EC%A6%88.jpeg?raw=true,10
2,https://github.com/Pbang91/cakooimage/blob/main/images/%E1%84%8F%E1%85%A6%E1%84%8B%E1%85%B5%E1%84%8F%E1%85%B3/%E1%84%80%E1%85%B5%E1%84%90%E1%85%A1/%E1%84%87%E1%85%A1%E1%84%82%E1%85%A1%E1%84%82%E1%85%A1%E1%84%8F%E1%85%A6%E1%84%8B%E1%85%B5%E1%86%A8.png?raw=true,11
3,https://github.com/Pbang91/cakooimage/blob/main/images/%E1%84%8F%E1%85%A6%E1%84%8B%E1%85%B5%E1%84%8F%E1%85%B3/%E1%84%80%E1%85%B5%E1%84%90%E1%85%A1/%E1%84%80%E1%85%AA%E1%84%8B%E1%85%B5%E1%86%AF%E1%84%8F%E1%85%A6%E1%84%8B%E1%85%B5%E1%86%A8.png?raw=true,11
4,https://github.com/Pbang91/cakooimage/blob/main/images/%E1%84%8F%E1%85%A6%E1%84%8B%E1%85%B5%E1%84%8F%E1%85%B3/%E1%84%89%E1%85%A2%E1%86%BC%E1%84%8F%E1%85%B3%E1%84%85%E1%85%B5%E1%86%B7/2.png?raw=true,11
5,https://github.com/Pbang91/cakooimage/blob/main/images/%EC%BC%80%EC%9D%B4%ED%81%AC/%EC%B9%98%EC%A6%88/%EC%B9%98%EC%A6%88.jpeg?raw=true,11
2,https://github.com/Pbang91/cakooimage/blob/main/images/%E1%84%8F%E1%85%A6%E1%84%8B%E1%85%B5%E1%84%8F%E1%85%B3/%E1%84%80%E1%85%B5%E1%84%90%E1%85%A1/%E1%84%87%E1%85%A1%E1%84%82%E1%85%A1%E1%84%82%E1%85%A1%E1%84%8F%E1%85%A6%E1%84%8B%E1%85%B5%E1%86%A8.png?raw=true,12
3,https://github.com/Pbang91/cakooimage/blob/main/images/%E1%84%8F%E1%85%A6%E1%84%8B%E1%85%B5%E1%84%8F%E1%85%B3/%E1%84%80%E1%85%B5%E1%84%90%E1%85%A1/%E1%84%80%E1%85%AA%E1%84%8B%E1%85%B5%E1%86%AF%E1%84%8F%E1%85%A6%E1%84%8B%E1%85%B5%E1%86%A8.png?raw=true,12
4,https://github.com/Pbang91/cakooimage/blob/main/images/%E1%84%8F%E1%85%A6%E1%84%8B%E1%85%B5%E1%84%8F%E1%85%B3/%E1%84%89%E1%85%A2%E1%86%BC%E1%84%8F%E1%85%B3%E1%84%85%E1%85%B5%E1%86%B7/2.png?raw=true,12
5,https://github.com/Pbang91/cakooimage/blob/main/images/%EC%BC%80%EC%9D%B4%ED%81%AC/%EC%B9%98%EC%A6%88/%EC%B9%98%EC%A6%88.jpeg?raw=true,12
2,https://github.com/Pbang91/cakooimage/blob/main/images/%E1%84%8F%E1%85%A6%E1%84%8B%E1%85%B5%E1%84%8F%E1%85%B3/%E1%84%80%E1%85%B5%E1%84%90%E1%85%A1/%E1%84%87%E1%85%A1%E1%84%82%E1%85%A1%E1%84%82%E1%85%A1%E1%84%8F%E1%85%A6%E1%84%8B%E1%85%B5%E1%86%A8.png?raw=true,13
3,https://github.com/Pbang91/cakooimage/blob/main/images/%E1%84%8F%E1%85%A6%E1%84%8B%E1%85%B5%E1%84%8F%E1%85%B3/%E1%84%80%E1%85%B5%E1%84%90%E1%85%A1/%E1%84%80%E1%85%AA%E1%84%8B%E1%85%B5%E1%86%AF%E1%84%8F%E1%85%A6%E1%84%8B%E1%85%B5%E1%86%A8.png?raw=true,13
4,https://github.com/Pbang91/cakooimage/blob/main/images/%E1%84%8F%E1%85%A6%E1%84%8B%E1%85%B5%E1%84%8F%E1%85%B3/%E1%84%89%E1%85%A2%E1%86%BC%E1%84%8F%E1%85%B3%E1%84%85%E1%85%B5%E1%86%B7/2.png?raw=true,13
5,https://github.com/Pbang91/cakooimage/blob/main/images/%EC%BC%80%EC%9D%B4%ED%81%AC/%EC%B9%98%EC%A6%88/%EC%B9%98%EC%A6%88.jpeg?raw=true,13
2,https://github.com/Pbang91/cakooimage/blob/main/images/%E1%84%8F%E1%85%A6%E1%84%8B%E1%85%B5%E1%84%8F%E1%85%B3/%E1%84%80%E1%85%B5%E1%84%90%E1%85%A1/%E1%84%87%E1%85%A1%E1%84%82%E1%85%A1%E1%84%82%E1%85%A1%E1%84%8F%E1%85%A6%E1%84%8B%E1%85%B5%E1%86%A8.png?raw=true,14
3,https://github.com/Pbang91/cakooimage/blob/main/images/%E1%84%8F%E1%85%A6%E1%84%8B%E1%85%B5%E1%84%8F%E1%85%B3/%E1%84%80%E1%85%B5%E1%84%90%E1%85%A1/%E1%84%80%E1%85%AA%E1%84%8B%E1%85%B5%E1%86%AF%E1%84%8F%E1%85%A6%E1%84%8B%E1%85%B5%E1%86%A8.png?raw=true,14
4,https://github.com/Pbang91/cakooimage/blob/main/images/%E1%84%8F%E1%85%A6%E1%84%8B%E1%85%B5%E1%84%8F%E1%85%B3/%E1%84%89%E1%85%A2%E1%86%BC%E1%84%8F%E1%85%B3%E1%84%85%E1%85%B5%E1%86%B7/2.png?raw=true,14
5,https://github.com/Pbang91/cakooimage/blob/main/images/%EC%BC%80%EC%9D%B4%ED%81%AC/%EC%B9%98%EC%A6%88/%EC%B9%98%EC%A6%88.jpeg?raw=true,14
2,https://github.com/Pbang91/cakooimage/blob/main/images/%E1%84%8F%E1%85%A6%E1%84%8B%E1%85%B5%E1%84%8F%E1%85%B3/%E1%84%80%E1%85%B5%E1%84%90%E1%85%A1/%E1%84%87%E1%85%A1%E1%84%82%E1%85%A1%E1%84%82%E1%85%A1%E1%84%8F%E1%85%A6%E1%84%8B%E1%85%B5%E1%86%A8.png?raw=true,15
3,https://github.com/Pbang91/cakooimage/blob/main/images/%E1%84%8F%E1%85%A6%E1%84%8B%E1%85%B5%E1%84%8F%E1%85%B3/%E1%84%80%E1%85%B5%E1%84%90%E1%85%A1/%E1%84%80%E1%85%AA%E1%84%8B%E1%85%B5%E1%86%AF%E1%84%8F%E1%85%A6%E1%84%8B%E1%85%B5%E1%86%A8.png?raw=true,15
4,https://github.com/Pbang91/cakooimage/blob/main/images/%E1%84%8F%E1%85%A6%E1%84%8B%E1%85%B5%E1%84%8F%E1%85%B3/%E1%84%89%E1%85%A2%E1%86%BC%E1%84%8F%E1%85%B3%E1%84%85%E1%85%B5%E1%86%B7/2.png?raw=true,15
5,https://github.com/Pbang91/cakooimage/blob/main/images/%EC%BC%80%EC%9D%B4%ED%81%AC/%EC%B9%98%EC%A6%88/%EC%B9%98%EC%A6%88.jpeg?raw=true,15
2,https://github.com/Pbang91/cakooimage/blob/main/images/%E1%84%8F%E1%85%A6%E1%84%8B%E1%85%B5%E1%84%8F%E1%85%B3/%E1%84%80%E1%85%B5%E1%84%90%E1%85%A1/%E1%84%87%E1%85%A1%E1%84%82%E1%85%A1%E1%84%82%E1%85%A1%E1%84%8F%E1%85%A6%E1%84%8B%E1%85%B5%E1%86%A8.png?raw=true,16
3,https://github.com/Pbang91/cakooimage/blob/main/images/%E1%84%8F%E1%85%A6%E1%84%8B%E1%85%B5%E1%84%8F%E1%85%B3/%E1%84%80%E1%85%B5%E1%84%90%E1%85%A1/%E1%84%80%E1%85%AA%E1%84%8B%E1%85%B5%E1%86%AF%E1%84%8F%E1%85%A6%E1%84%8B%E1%85%B5%E1%86%A8.png?raw=true,16
4,https://github.com/Pbang91/cakooimage/blob/main/images/%E1%84%8F%E1%85%A6%E1%84%8B%E1%85%B5%E1%84%8F%E1%85%B3/%E1%84%89%E1%85%A2%E1%86%BC%E1%84%8F%E1%85%B3%E1%84%85%E1%85%B5%E1%86%B7/2.png?raw=true,16
5,https://github.com/Pbang91/cakooimage/blob/main/images/%EC%BC%80%EC%9D%B4%ED%81%AC/%EC%B9%98%EC%A6%88/%EC%B9%98%EC%A6%88.jpeg?raw=true,16
2,https://github.com/Pbang91/cakooimage/blob/main/images/%E1%84%8F%E1%85%A6%E1%84%8B%E1%85%B5%E1%84%8F%E1%85%B3/%E1%84%80%E1%85%B5%E1%84%90%E1%85%A1/%E1%84%87%E1%85%A1%E1%84%82%E1%85%A1%E1%84%82%E1%85%A1%E1%84%8F%E1%85%A6%E1%84%8B%E1%85%B5%E1%86%A8.png?raw=true,17
3,https://github.com/Pbang91/cakooimage/blob/main/images/%E1%84%8F%E1%85%A6%E1%84%8B%E1%85%B5%E1%84%8F%E1%85%B3/%E1%84%80%E1%85%B5%E1%84%90%E1%85%A1/%E1%84%80%E1%85%AA%E1%84%8B%E1%85%B5%E1%86%AF%E1%84%8F%E1%85%A6%E1%84%8B%E1%85%B5%E1%86%A8.png?raw=true,17
4,https://github.com/Pbang91/cakooimage/blob/main/images/%E1%84%8F%E1%85%A6%E1%84%8B%E1%85%B5%E1%84%8F%E1%85%B3/%E1%84%89%E1%85%A2%E1%86%BC%E1%84%8F%E1%85%B3%E1%84%85%E1%85%B5%E1%86%B7/2.png?raw=true,17
5,https://github.com/Pbang91/cakooimage/blob/main/images/%EC%BC%80%EC%9D%B4%ED%81%AC/%EC%B9%98%EC%A6%88/%EC%B9%98%EC%A6%88.jpeg?raw=true,17
2,https://github.com/Pbang91/cakooimage/blob/main/images/%E1%84%8F%E1%85%A6%E1%84%8B%E1%85%B5%E1%84%8F%E1%85%B3/%E1%84%80%E1%85%B5%E1%84%90%E1%85%A1/%E1%84%87%E1%85%A1%E1%84%82%E1%85%A1%E1%84%82%E1%85%A1%E1%84%8F%E1%85%A6%E1%84%8B%E1%85%B5%E1%86%A8.png?raw=true,18
3,https://github.com/Pbang91/cakooimage/blob/main/images/%E1%84%8F%E1%85%A6%E1%84%8B%E1%85%B5%E1%84%8F%E1%85%B3/%E1%84%80%E1%85%B5%E1%84%90%E1%85%A1/%E1%84%80%E1%85%AA%E1%84%8B%E1%85%B5%E1%86%AF%E1%84%8F%E1%85%A6%E1%84%8B%E1%85%B5%E1%86%A8.png?raw=true,18
4,https://github.com/Pbang91/cakooimage/blob/main/images/%E1%84%8F%E1%85%A6%E1%84%8B%E1%85%B5%E1%84%8F%E1%85%B3/%E1%84%89%E1%85%A2%E1%86%BC%E1%84%8F%E1%85%B3%E1%84%85%E1%85%B5%E1%86%B7/2.png?raw=true,18
5,https://github.com/Pbang91/cakooimage/blob/main/images/%EC%BC%80%EC%9D%B4%ED%81%AC/%EC%B9%98%EC%A6%88/%EC%B9%98%EC%A6%88.jpeg?raw=true,18
2,https://github.com/Pbang91/cakooimage/blob/main/images/%E1%84%8F%E1%85%A6%E1%84%8B%E1%85%B5%E1%84%8F%E1%85%B3/%E1%84%80%E1%85%B5%E1%84%90%E1%85%A1/%E1%84%87%E1%85%A1%E1%84%82%E1%85%A1%E1%84%82%E1%85%A1%E1%84%8F%E1%85%A6%E1%84%8B%E1%85%B5%E1%86%A8.png?raw=true,19
3,https://github.com/Pbang91/cakooimage/blob/main/images/%E1%84%8F%E1%85%A6%E1%84%8B%E1%85%B5%E1%84%8F%E1%85%B3/%E1%84%80%E1%85%B5%E1%84%90%E1%85%A1/%E1%84%80%E1%85%AA%E1%84%8B%E1%85%B5%E1%86%AF%E1%84%8F%E1%85%A6%E1%84%8B%E1%85%B5%E1%86%A8.png?raw=true,19
4,https://github.com/Pbang91/cakooimage/blob/main/images/%E1%84%8F%E1%85%A6%E1%84%8B%E1%85%B5%E1%84%8F%E1%85%B3/%E1%84%89%E1%85%A2%E1%86%BC%E1%84%8F%E1%85%B3%E1%84%85%E1%85%B5%E1%86%B7/2.png?raw=true,19
5,https://github.com/Pbang91/cakooimage/blob/main/images/%EC%BC%80%EC%9D%B4%ED%81%AC/%EC%B9%98%EC%A6%88/%EC%B9%98%EC%A6%88.jpeg?raw=true,19
2,https://github.com/Pbang91/cakooimage/blob/main/images/%E1%84%8F%E1%85%A6%E1%84%8B%E1%85%B5%E1%84%8F%E1%85%B3/%E1%84%80%E1%85%B5%E1%84%90%E1%85%A1/%E1%84%87%E1%85%A1%E1%84%82%E1%85%A1%E1%84%82%E1%85%A1%E1%84%8F%E1%85%A6%E1%84%8B%E1%85%B5%E1%86%A8.png?raw=true,20
3,https://github.com/Pbang91/cakooimage/blob/main/images/%E1%84%8F%E1%85%A6%E1%84%8B%E1%85%B5%E1%84%8F%E1%85%B3/%E1%84%80%E1%85%B5%E1%84%90%E1%85%A1/%E1%84%80%E1%85%AA%E1%84%8B%E1%85%B5%E1%86%AF%E1%84%8F%E1%85%A6%E1%84%8B%E1%85%B5%E1%86%A8.png?raw=true,20
4,https://github.com/Pbang91/cakooimage/blob/main/images/%E1%84%8F%E1%85%A6%E1%84%8B%E1%85%B5%E1%84%8F%E1%85%B3/%E1%84%89%E1%85%A2%E1%86%BC%E1%84%8F%E1%85%B3%E1%84%85%E1%85%B5%E1%86%B7/2.png?raw=true,20
5,https://github.com/Pbang91/cakooimage/blob/main/images/%EC%BC%80%EC%9D%B4%ED%81%AC/%EC%B9%98%EC%A6%88/%EC%B9%98%EC%A6%88.jpeg?raw=true,20
2,https://github.com/Pbang91/cakooimage/blob/main/images/%E1%84%8F%E1%85%A6%E1%84%8B%E1%85%B5%E1%84%8F%E1%85%B3/%E1%84%80%E1%85%B5%E1%84%90%E1%85%A1/%E1%84%87%E1%85%A1%E1%84%82%E1%85%A1%E1%84%82%E1%85%A1%E1%84%8F%E1%85%A6%E1%84%8B%E1%85%B5%E1%86%A8.png?raw=true,21
3,https://github.com/Pbang91/cakooimage/blob/main/images/%E1%84%8F%E1%85%A6%E1%84%8B%E1%85%B5%E1%84%8F%E1%85%B3/%E1%84%80%E1%85%B5%E1%84%90%E1%85%A1/%E1%84%80%E1%85%AA%E1%84%8B%E1%85%B5%E1%86%AF%E1%84%8F%E1%85%A6%E1%84%8B%E1%85%B5%E1%86%A8.png?raw=true,21
4,https://github.com/Pbang91/cakooimage/blob/main/images/%E1%84%8F%E1%85%A6%E1%84%8B%E1%85%B5%E1%84%8F%E1%85%B3/%E1%84%89%E1%85%A2%E1%86%BC%E1%84%8F%E1%85%B3%E1%84%85%E1%85%B5%E1%86%B7/2.png?raw=true,21
5,https://github.com/Pbang91/cakooimage/blob/main/images/%EC%BC%80%EC%9D%B4%ED%81%AC/%EC%B9%98%EC%A6%88/%EC%B9%98%EC%A6%88.jpeg?raw=true,21
2,https://github.com/Pbang91/cakooimage/blob/main/images/%E1%84%8F%E1%85%A6%E1%84%8B%E1%85%B5%E1%84%8F%E1%85%B3/%E1%84%80%E1%85%B5%E1%84%90%E1%85%A1/%E1%84%87%E1%85%A1%E1%84%82%E1%85%A1%E1%84%82%E1%85%A1%E1%84%8F%E1%85%A6%E1%84%8B%E1%85%B5%E1%86%A8.png?raw=true,22
3,https://github.com/Pbang91/cakooimage/blob/main/images/%E1%84%8F%E1%85%A6%E1%84%8B%E1%85%B5%E1%84%8F%E1%85%B3/%E1%84%80%E1%85%B5%E1%84%90%E1%85%A1/%E1%84%80%E1%85%AA%E1%84%8B%E1%85%B5%E1%86%AF%E1%84%8F%E1%85%A6%E1%84%8B%E1%85%B5%E1%86%A8.png?raw=true,22
4,https://github.com/Pbang91/cakooimage/blob/main/images/%E1%84%8F%E1%85%A6%E1%84%8B%E1%85%B5%E1%84%8F%E1%85%B3/%E1%84%89%E1%85%A2%E1%86%BC%E1%84%8F%E1%85%B3%E1%84%85%E1%85%B5%E1%86%B7/2.png?raw=true,22
5,https://github.com/Pbang91/cakooimage/blob/main/images/%EC%BC%80%EC%9D%B4%ED%81%AC/%EC%B9%98%EC%A6%88/%EC%B9%98%EC%A6%88.jpeg?raw=true,22
2,https://github.com/Pbang91/cakooimage/blob/main/images/%E1%84%8F%E1%85%A6%E1%84%8B%E1%85%B5%E1%84%8F%E1%85%B3/%E1%84%80%E1%85%B5%E1%84%90%E1%85%A1/%E1%84%87%E1%85%A1%E1%84%82%E1%85%A1%E1%84%82%E1%85%A1%E1%84%8F%E1%85%A6%E1%84%8B%E1%85%B5%E1%86%A8.png?raw=true,23
3,https://github.com/Pbang91/cakooimage/blob/main/images/%E1%84%8F%E1%85%A6%E1%84%8B%E1%85%B5%E1%84%8F%E1%85%B3/%E1%84%80%E1%85%B5%E1%84%90%E1%85%A1/%E1%84%80%E1%85%AA%E1%84%8B%E1%85%B5%E1%86%AF%E1%84%8F%E1%85%A6%E1%84%8B%E1%85%B5%E1%86%A8.png?raw=true,23
4,https://github.com/Pbang91/cakooimage/blob/main/images/%E1%84%8F%E1%85%A6%E1%84%8B%E1%85%B5%E1%84%8F%E1%85%B3/%E1%84%89%E1%85%A2%E1%86%BC%E1%84%8F%E1%85%B3%E1%84%85%E1%85%B5%E1%86%B7/2.png?raw=true,23
5,https://github.com/Pbang91/cakooimage/blob/main/images/%EC%BC%80%EC%9D%B4%ED%81%AC/%EC%B9%98%EC%A6%88/%EC%B9%98%EC%A6%88.jpeg?raw=true,23
2,https://github.com/Pbang91/cakooimage/blob/main/images/%E1%84%8F%E1%85%A6%E1%84%8B%E1%85%B5%E1%84%8F%E1%85%B3/%E1%84%80%E1%85%B5%E1%84%90%E1%85%A1/%E1%84%87%E1%85%A1%E1%84%82%E1%85%A1%E1%84%82%E1%85%A1%E1%84%8F%E1%85%A6%E1%84%8B%E1%85%B5%E1%86%A8.png?raw=true,24
3,https://github.com/Pbang91/cakooimage/blob/main/images/%E1%84%8F%E1%85%A6%E1%84%8B%E1%85%B5%E1%84%8F%E1%85%B3/%E1%84%80%E1%85%B5%E1%84%90%E1%85%A1/%E1%84%80%E1%85%AA%E1%84%8B%E1%85%B5%E1%86%AF%E1%84%8F%E1%85%A6%E1%84%8B%E1%85%B5%E1%86%A8.png?raw=true,24
4,https://github.com/Pbang91/cakooimage/blob/main/images/%E1%84%8F%E1%85%A6%E1%84%8B%E1%85%B5%E1%84%8F%E1%85%B3/%E1%84%89%E1%85%A2%E1%86%BC%E1%84%8F%E1%85%B3%E1%84%85%E1%85%B5%E1%86%B7/2.png?raw=true,24
5,https://github.com/Pbang91/cakooimage/blob/main/images/%EC%BC%80%EC%9D%B4%ED%81%AC/%EC%B9%98%EC%A6%88/%EC%B9%98%EC%A6%88.jpeg?raw=true,24
2,https://github.com/Pbang91/cakooimage/blob/main/images/%E1%84%8F%E1%85%A6%E1%84%8B%E1%85%B5%E1%84%8F%E1%85%B3/%E1%84%80%E1%85%B5%E1%84%90%E1%85%A1/%E1%84%87%E1%85%A1%E1%84%82%E1%85%A1%E1%84%82%E1%85%A1%E1%84%8F%E1%85%A6%E1%84%8B%E1%85%B5%E1%86%A8.png?raw=true,25
3,https://github.com/Pbang91/cakooimage/blob/main/images/%E1%84%8F%E1%85%A6%E1%84%8B%E1%85%B5%E1%84%8F%E1%85%B3/%E1%84%80%E1%85%B5%E1%84%90%E1%85%A1/%E1%84%80%E1%85%AA%E1%84%8B%E1%85%B5%E1%86%AF%E1%84%8F%E1%85%A6%E1%84%8B%E1%85%B5%E1%86%A8.png?raw=true,25
4,https://github.com/Pbang91/cakooimage/blob/main/images/%E1%84%8F%E1%85%A6%E1%84%8B%E1%85%B5%E1%84%8F%E1%85%B3/%E1%84%89%E1%85%A2%E1%86%BC%E1%84%8F%E1%85%B3%E1%84%85%E1%85%B5%E1%86%B7/2.png?raw=true,25
5,https://github.com/Pbang91/cakooimage/blob/main/images/%EC%BC%80%EC%9D%B4%ED%81%AC/%EC%B9%98%EC%A6%88/%EC%B9%98%EC%A6%88.jpeg?raw=true,25